TEXT,URL,TEXT_painting_in_style,TEXT_lnlwntrt,TEXT_dreambooth
A painting in the style of lnlwntrt,https://grusskarten.unicef.de/media/ba/09/14/1626098912/Leon-Loewntraut-04.jpg,A painting in the style of lnlwntrt,A painting in the style of lnlwntrt,a lnlwntrt painting
A painting in the style of lnlwntrt,https://i.pinimg.com/originals/fd/47/4e/fd474ef68046c1360b12f5545d5ba333.jpg,A painting in the style of lnlwntrt,A painting in the style of lnlwntrt,a lnlwntrt painting
A painting in the style of lnlwntrt,https://kunstraum-muenster.de/wp-content/uploads/2018/09/Loewentraut-studio-54.jpg,A painting in the style of lnlwntrt,A painting in the style of lnlwntrt,a lnlwntrt painting
A painting in the style of lnlwntrt,https://www.zimmermann-heitmann.de/sites/default/files/img/leon_loewentraut_different_minds_ii.jpg,A painting in the style of lnlwntrt,A painting in the style of lnlwntrt,a lnlwntrt painting
A painting in the style of lnlwntrt,https://grusskarten.unicef.de/media/ba/09/14/1626098912/Leon-Loewntraut-04.jpg,A painting in the style of lnlwntrt,A painting in the style of lnlwntrt,a lnlwntrt painting
A painting in the style of lnlwntrt,https://i.pinimg.com/originals/fd/47/4e/fd474ef68046c1360b12f5545d5ba333.jpg,A painting in the style of lnlwntrt,A painting in the style of lnlwntrt,a lnlwntrt painting
A painting in the style of lnlwntrt,https://kunstraum-muenster.de/wp-content/uploads/2018/09/Loewentraut-studio-54.jpg,A painting in the style of lnlwntrt,A painting in the style of lnlwntrt,a lnlwntrt painting
A painting in the style of lnlwntrt,https://www.zimmermann-heitmann.de/sites/default/files/img/leon_loewentraut_different_minds_ii.jpg,A painting in the style of lnlwntrt,A painting in the style of lnlwntrt,a lnlwntrt painting
A painting in the style of lnlwntrt,https://grusskarten.unicef.de/media/ba/09/14/1626098912/Leon-Loewntraut-04.jpg,A painting in the style of lnlwntrt,A painting in the style of lnlwntrt,a lnlwntrt painting
A painting in the style of lnlwntrt,https://i.pinimg.com/originals/fd/47/4e/fd474ef68046c1360b12f5545d5ba333.jpg,A painting in the style of lnlwntrt,A painting in the style of lnlwntrt,a lnlwntrt painting
A painting in the style of lnlwntrt,https://kunstraum-muenster.de/wp-content/uploads/2018/09/Loewentraut-studio-54.jpg,A painting in the style of lnlwntrt,A painting in the style of lnlwntrt,a lnlwntrt painting
A painting in the style of lnlwntrt,https://www.zimmermann-heitmann.de/sites/default/files/img/leon_loewentraut_different_minds_ii.jpg,A painting in the style of lnlwntrt,A painting in the style of lnlwntrt,a lnlwntrt painting
A painting in the style of lnlwntrt,https://grusskarten.unicef.de/media/ba/09/14/1626098912/Leon-Loewntraut-04.jpg,A painting in the style of lnlwntrt,A painting in the style of lnlwntrt,a lnlwntrt painting
A painting in the style of lnlwntrt,https://i.pinimg.com/originals/fd/47/4e/fd474ef68046c1360b12f5545d5ba333.jpg,A painting in the style of lnlwntrt,A painting in the style of lnlwntrt,a lnlwntrt painting
A painting in the style of lnlwntrt,https://kunstraum-muenster.de/wp-content/uploads/2018/09/Loewentraut-studio-54.jpg,A painting in the style of lnlwntrt,A painting in the style of lnlwntrt,a lnlwntrt painting
A painting in the style of lnlwntrt,https://www.zimmermann-heitmann.de/sites/default/files/img/leon_loewentraut_different_minds_ii.jpg,A painting in the style of lnlwntrt,A painting in the style of lnlwntrt,a lnlwntrt painting
A painting in the style of lnlwntrt,https://grusskarten.unicef.de/media/ba/09/14/1626098912/Leon-Loewntraut-04.jpg,A painting in the style of lnlwntrt,A painting in the style of lnlwntrt,a lnlwntrt painting
A painting in the style of lnlwntrt,https://i.pinimg.com/originals/fd/47/4e/fd474ef68046c1360b12f5545d5ba333.jpg,A painting in the style of lnlwntrt,A painting in the style of lnlwntrt,a lnlwntrt painting
A painting in the style of lnlwntrt,https://kunstraum-muenster.de/wp-content/uploads/2018/09/Loewentraut-studio-54.jpg,A painting in the style of lnlwntrt,A painting in the style of lnlwntrt,a lnlwntrt painting
A painting in the style of lnlwntrt,https://www.zimmermann-heitmann.de/sites/default/files/img/leon_loewentraut_different_minds_ii.jpg,A painting in the style of lnlwntrt,A painting in the style of lnlwntrt,a lnlwntrt painting
A painting in the style of lnlwntrt,https://grusskarten.unicef.de/media/ba/09/14/1626098912/Leon-Loewntraut-04.jpg,A painting in the style of lnlwntrt,A painting in the style of lnlwntrt,a lnlwntrt painting
A painting in the style of lnlwntrt,https://i.pinimg.com/originals/fd/47/4e/fd474ef68046c1360b12f5545d5ba333.jpg,A painting in the style of lnlwntrt,A painting in the style of lnlwntrt,a lnlwntrt painting
A painting in the style of lnlwntrt,https://kunstraum-muenster.de/wp-content/uploads/2018/09/Loewentraut-studio-54.jpg,A painting in the style of lnlwntrt,A painting in the style of lnlwntrt,a lnlwntrt painting
A painting in the style of lnlwntrt,https://www.zimmermann-heitmann.de/sites/default/files/img/leon_loewentraut_different_minds_ii.jpg,A painting in the style of lnlwntrt,A painting in the style of lnlwntrt,a lnlwntrt painting
A painting in the style of lnlwntrt,https://grusskarten.unicef.de/media/ba/09/14/1626098912/Leon-Loewntraut-04.jpg,A painting in the style of lnlwntrt,A painting in the style of lnlwntrt,a lnlwntrt painting
A painting in the style of lnlwntrt,https://i.pinimg.com/originals/fd/47/4e/fd474ef68046c1360b12f5545d5ba333.jpg,A painting in the style of lnlwntrt,A painting in the style of lnlwntrt,a lnlwntrt painting
A painting in the style of lnlwntrt,https://kunstraum-muenster.de/wp-content/uploads/2018/09/Loewentraut-studio-54.jpg,A painting in the style of lnlwntrt,A painting in the style of lnlwntrt,a lnlwntrt painting
A painting in the style of lnlwntrt,https://www.zimmermann-heitmann.de/sites/default/files/img/leon_loewentraut_different_minds_ii.jpg,A painting in the style of lnlwntrt,A painting in the style of lnlwntrt,a lnlwntrt painting
A painting in the style of lnlwntrt,https://grusskarten.unicef.de/media/ba/09/14/1626098912/Leon-Loewntraut-04.jpg,A painting in the style of lnlwntrt,A painting in the style of lnlwntrt,a lnlwntrt painting
A painting in the style of lnlwntrt,https://i.pinimg.com/originals/fd/47/4e/fd474ef68046c1360b12f5545d5ba333.jpg,A painting in the style of lnlwntrt,A painting in the style of lnlwntrt,a lnlwntrt painting
A painting in the style of lnlwntrt,https://kunstraum-muenster.de/wp-content/uploads/2018/09/Loewentraut-studio-54.jpg,A painting in the style of lnlwntrt,A painting in the style of lnlwntrt,a lnlwntrt painting
A painting in the style of lnlwntrt,https://www.zimmermann-heitmann.de/sites/default/files/img/leon_loewentraut_different_minds_ii.jpg,A painting in the style of lnlwntrt,A painting in the style of lnlwntrt,a lnlwntrt painting
A painting in the style of lnlwntrt,https://grusskarten.unicef.de/media/ba/09/14/1626098912/Leon-Loewntraut-04.jpg,A painting in the style of lnlwntrt,A painting in the style of lnlwntrt,a lnlwntrt painting
A painting in the style of lnlwntrt,https://i.pinimg.com/originals/fd/47/4e/fd474ef68046c1360b12f5545d5ba333.jpg,A painting in the style of lnlwntrt,A painting in the style of lnlwntrt,a lnlwntrt painting
A painting in the style of lnlwntrt,https://kunstraum-muenster.de/wp-content/uploads/2018/09/Loewentraut-studio-54.jpg,A painting in the style of lnlwntrt,A painting in the style of lnlwntrt,a lnlwntrt painting
A painting in the style of lnlwntrt,https://www.zimmermann-heitmann.de/sites/default/files/img/leon_loewentraut_different_minds_ii.jpg,A painting in the style of lnlwntrt,A painting in the style of lnlwntrt,a lnlwntrt painting
A painting in the style of lnlwntrt,https://grusskarten.unicef.de/media/ba/09/14/1626098912/Leon-Loewntraut-04.jpg,A painting in the style of lnlwntrt,A painting in the style of lnlwntrt,a lnlwntrt painting
A painting in the style of lnlwntrt,https://i.pinimg.com/originals/fd/47/4e/fd474ef68046c1360b12f5545d5ba333.jpg,A painting in the style of lnlwntrt,A painting in the style of lnlwntrt,a lnlwntrt painting
A painting in the style of lnlwntrt,https://kunstraum-muenster.de/wp-content/uploads/2018/09/Loewentraut-studio-54.jpg,A painting in the style of lnlwntrt,A painting in the style of lnlwntrt,a lnlwntrt painting
A painting in the style of lnlwntrt,https://www.zimmermann-heitmann.de/sites/default/files/img/leon_loewentraut_different_minds_ii.jpg,A painting in the style of lnlwntrt,A painting in the style of lnlwntrt,a lnlwntrt painting
A painting in the style of lnlwntrt,https://grusskarten.unicef.de/media/ba/09/14/1626098912/Leon-Loewntraut-04.jpg,A painting in the style of lnlwntrt,A painting in the style of lnlwntrt,a lnlwntrt painting
A painting in the style of lnlwntrt,https://i.pinimg.com/originals/fd/47/4e/fd474ef68046c1360b12f5545d5ba333.jpg,A painting in the style of lnlwntrt,A painting in the style of lnlwntrt,a lnlwntrt painting
A painting in the style of lnlwntrt,https://kunstraum-muenster.de/wp-content/uploads/2018/09/Loewentraut-studio-54.jpg,A painting in the style of lnlwntrt,A painting in the style of lnlwntrt,a lnlwntrt painting
A painting in the style of lnlwntrt,https://www.zimmermann-heitmann.de/sites/default/files/img/leon_loewentraut_different_minds_ii.jpg,A painting in the style of lnlwntrt,A painting in the style of lnlwntrt,a lnlwntrt painting
A painting in the style of lnlwntrt,https://grusskarten.unicef.de/media/ba/09/14/1626098912/Leon-Loewntraut-04.jpg,A painting in the style of lnlwntrt,A painting in the style of lnlwntrt,a lnlwntrt painting
A painting in the style of lnlwntrt,https://i.pinimg.com/originals/fd/47/4e/fd474ef68046c1360b12f5545d5ba333.jpg,A painting in the style of lnlwntrt,A painting in the style of lnlwntrt,a lnlwntrt painting
A painting in the style of lnlwntrt,https://kunstraum-muenster.de/wp-content/uploads/2018/09/Loewentraut-studio-54.jpg,A painting in the style of lnlwntrt,A painting in the style of lnlwntrt,a lnlwntrt painting
A painting in the style of lnlwntrt,https://www.zimmermann-heitmann.de/sites/default/files/img/leon_loewentraut_different_minds_ii.jpg,A painting in the style of lnlwntrt,A painting in the style of lnlwntrt,a lnlwntrt painting
A painting in the style of lnlwntrt,https://grusskarten.unicef.de/media/ba/09/14/1626098912/Leon-Loewntraut-04.jpg,A painting in the style of lnlwntrt,A painting in the style of lnlwntrt,a lnlwntrt painting
A painting in the style of lnlwntrt,https://i.pinimg.com/originals/fd/47/4e/fd474ef68046c1360b12f5545d5ba333.jpg,A painting in the style of lnlwntrt,A painting in the style of lnlwntrt,a lnlwntrt painting
A painting in the style of lnlwntrt,https://kunstraum-muenster.de/wp-content/uploads/2018/09/Loewentraut-studio-54.jpg,A painting in the style of lnlwntrt,A painting in the style of lnlwntrt,a lnlwntrt painting
A painting in the style of lnlwntrt,https://www.zimmermann-heitmann.de/sites/default/files/img/leon_loewentraut_different_minds_ii.jpg,A painting in the style of lnlwntrt,A painting in the style of lnlwntrt,a lnlwntrt painting
A painting in the style of lnlwntrt,https://grusskarten.unicef.de/media/ba/09/14/1626098912/Leon-Loewntraut-04.jpg,A painting in the style of lnlwntrt,A painting in the style of lnlwntrt,a lnlwntrt painting
A painting in the style of lnlwntrt,https://i.pinimg.com/originals/fd/47/4e/fd474ef68046c1360b12f5545d5ba333.jpg,A painting in the style of lnlwntrt,A painting in the style of lnlwntrt,a lnlwntrt painting
A painting in the style of lnlwntrt,https://kunstraum-muenster.de/wp-content/uploads/2018/09/Loewentraut-studio-54.jpg,A painting in the style of lnlwntrt,A painting in the style of lnlwntrt,a lnlwntrt painting
A painting in the style of lnlwntrt,https://www.zimmermann-heitmann.de/sites/default/files/img/leon_loewentraut_different_minds_ii.jpg,A painting in the style of lnlwntrt,A painting in the style of lnlwntrt,a lnlwntrt painting
A painting in the style of lnlwntrt,https://grusskarten.unicef.de/media/ba/09/14/1626098912/Leon-Loewntraut-04.jpg,A painting in the style of lnlwntrt,A painting in the style of lnlwntrt,a lnlwntrt painting
A painting in the style of lnlwntrt,https://i.pinimg.com/originals/fd/47/4e/fd474ef68046c1360b12f5545d5ba333.jpg,A painting in the style of lnlwntrt,A painting in the style of lnlwntrt,a lnlwntrt painting
A painting in the style of lnlwntrt,https://kunstraum-muenster.de/wp-content/uploads/2018/09/Loewentraut-studio-54.jpg,A painting in the style of lnlwntrt,A painting in the style of lnlwntrt,a lnlwntrt painting
A painting in the style of lnlwntrt,https://www.zimmermann-heitmann.de/sites/default/files/img/leon_loewentraut_different_minds_ii.jpg,A painting in the style of lnlwntrt,A painting in the style of lnlwntrt,a lnlwntrt painting
A painting in the style of lnlwntrt,https://grusskarten.unicef.de/media/ba/09/14/1626098912/Leon-Loewntraut-04.jpg,A painting in the style of lnlwntrt,A painting in the style of lnlwntrt,a lnlwntrt painting
A painting in the style of lnlwntrt,https://i.pinimg.com/originals/fd/47/4e/fd474ef68046c1360b12f5545d5ba333.jpg,A painting in the style of lnlwntrt,A painting in the style of lnlwntrt,a lnlwntrt painting
A painting in the style of lnlwntrt,https://kunstraum-muenster.de/wp-content/uploads/2018/09/Loewentraut-studio-54.jpg,A painting in the style of lnlwntrt,A painting in the style of lnlwntrt,a lnlwntrt painting
A painting in the style of lnlwntrt,https://www.zimmermann-heitmann.de/sites/default/files/img/leon_loewentraut_different_minds_ii.jpg,A painting in the style of lnlwntrt,A painting in the style of lnlwntrt,a lnlwntrt painting
A painting in the style of lnlwntrt,https://grusskarten.unicef.de/media/ba/09/14/1626098912/Leon-Loewntraut-04.jpg,A painting in the style of lnlwntrt,A painting in the style of lnlwntrt,a lnlwntrt painting
A painting in the style of lnlwntrt,https://i.pinimg.com/originals/fd/47/4e/fd474ef68046c1360b12f5545d5ba333.jpg,A painting in the style of lnlwntrt,A painting in the style of lnlwntrt,a lnlwntrt painting
A painting in the style of lnlwntrt,https://kunstraum-muenster.de/wp-content/uploads/2018/09/Loewentraut-studio-54.jpg,A painting in the style of lnlwntrt,A painting in the style of lnlwntrt,a lnlwntrt painting
A painting in the style of lnlwntrt,https://www.zimmermann-heitmann.de/sites/default/files/img/leon_loewentraut_different_minds_ii.jpg,A painting in the style of lnlwntrt,A painting in the style of lnlwntrt,a lnlwntrt painting
A painting in the style of lnlwntrt,https://grusskarten.unicef.de/media/ba/09/14/1626098912/Leon-Loewntraut-04.jpg,A painting in the style of lnlwntrt,A painting in the style of lnlwntrt,a lnlwntrt painting
A painting in the style of lnlwntrt,https://i.pinimg.com/originals/fd/47/4e/fd474ef68046c1360b12f5545d5ba333.jpg,A painting in the style of lnlwntrt,A painting in the style of lnlwntrt,a lnlwntrt painting
A painting in the style of lnlwntrt,https://kunstraum-muenster.de/wp-content/uploads/2018/09/Loewentraut-studio-54.jpg,A painting in the style of lnlwntrt,A painting in the style of lnlwntrt,a lnlwntrt painting
A painting in the style of lnlwntrt,https://www.zimmermann-heitmann.de/sites/default/files/img/leon_loewentraut_different_minds_ii.jpg,A painting in the style of lnlwntrt,A painting in the style of lnlwntrt,a lnlwntrt painting
A painting in the style of lnlwntrt,https://grusskarten.unicef.de/media/ba/09/14/1626098912/Leon-Loewntraut-04.jpg,A painting in the style of lnlwntrt,A painting in the style of lnlwntrt,a lnlwntrt painting
A painting in the style of lnlwntrt,https://i.pinimg.com/originals/fd/47/4e/fd474ef68046c1360b12f5545d5ba333.jpg,A painting in the style of lnlwntrt,A painting in the style of lnlwntrt,a lnlwntrt painting
A painting in the style of lnlwntrt,https://kunstraum-muenster.de/wp-content/uploads/2018/09/Loewentraut-studio-54.jpg,A painting in the style of lnlwntrt,A painting in the style of lnlwntrt,a lnlwntrt painting
A painting in the style of lnlwntrt,https://www.zimmermann-heitmann.de/sites/default/files/img/leon_loewentraut_different_minds_ii.jpg,A painting in the style of lnlwntrt,A painting in the style of lnlwntrt,a lnlwntrt painting
A painting in the style of lnlwntrt,https://grusskarten.unicef.de/media/ba/09/14/1626098912/Leon-Loewntraut-04.jpg,A painting in the style of lnlwntrt,A painting in the style of lnlwntrt,a lnlwntrt painting
A painting in the style of lnlwntrt,https://i.pinimg.com/originals/fd/47/4e/fd474ef68046c1360b12f5545d5ba333.jpg,A painting in the style of lnlwntrt,A painting in the style of lnlwntrt,a lnlwntrt painting
A painting in the style of lnlwntrt,https://kunstraum-muenster.de/wp-content/uploads/2018/09/Loewentraut-studio-54.jpg,A painting in the style of lnlwntrt,A painting in the style of lnlwntrt,a lnlwntrt painting
A painting in the style of lnlwntrt,https://www.zimmermann-heitmann.de/sites/default/files/img/leon_loewentraut_different_minds_ii.jpg,A painting in the style of lnlwntrt,A painting in the style of lnlwntrt,a lnlwntrt painting
A painting in the style of lnlwntrt,https://grusskarten.unicef.de/media/ba/09/14/1626098912/Leon-Loewntraut-04.jpg,A painting in the style of lnlwntrt,A painting in the style of lnlwntrt,a lnlwntrt painting
A painting in the style of lnlwntrt,https://i.pinimg.com/originals/fd/47/4e/fd474ef68046c1360b12f5545d5ba333.jpg,A painting in the style of lnlwntrt,A painting in the style of lnlwntrt,a lnlwntrt painting
A painting in the style of lnlwntrt,https://kunstraum-muenster.de/wp-content/uploads/2018/09/Loewentraut-studio-54.jpg,A painting in the style of lnlwntrt,A painting in the style of lnlwntrt,a lnlwntrt painting
A painting in the style of lnlwntrt,https://www.zimmermann-heitmann.de/sites/default/files/img/leon_loewentraut_different_minds_ii.jpg,A painting in the style of lnlwntrt,A painting in the style of lnlwntrt,a lnlwntrt painting
A painting in the style of lnlwntrt,https://grusskarten.unicef.de/media/ba/09/14/1626098912/Leon-Loewntraut-04.jpg,A painting in the style of lnlwntrt,A painting in the style of lnlwntrt,a lnlwntrt painting
A painting in the style of lnlwntrt,https://i.pinimg.com/originals/fd/47/4e/fd474ef68046c1360b12f5545d5ba333.jpg,A painting in the style of lnlwntrt,A painting in the style of lnlwntrt,a lnlwntrt painting
A painting in the style of lnlwntrt,https://kunstraum-muenster.de/wp-content/uploads/2018/09/Loewentraut-studio-54.jpg,A painting in the style of lnlwntrt,A painting in the style of lnlwntrt,a lnlwntrt painting
A painting in the style of lnlwntrt,https://www.zimmermann-heitmann.de/sites/default/files/img/leon_loewentraut_different_minds_ii.jpg,A painting in the style of lnlwntrt,A painting in the style of lnlwntrt,a lnlwntrt painting
A painting in the style of lnlwntrt,https://grusskarten.unicef.de/media/ba/09/14/1626098912/Leon-Loewntraut-04.jpg,A painting in the style of lnlwntrt,A painting in the style of lnlwntrt,a lnlwntrt painting
A painting in the style of lnlwntrt,https://i.pinimg.com/originals/fd/47/4e/fd474ef68046c1360b12f5545d5ba333.jpg,A painting in the style of lnlwntrt,A painting in the style of lnlwntrt,a lnlwntrt painting
A painting in the style of lnlwntrt,https://kunstraum-muenster.de/wp-content/uploads/2018/09/Loewentraut-studio-54.jpg,A painting in the style of lnlwntrt,A painting in the style of lnlwntrt,a lnlwntrt painting
A painting in the style of lnlwntrt,https://www.zimmermann-heitmann.de/sites/default/files/img/leon_loewentraut_different_minds_ii.jpg,A painting in the style of lnlwntrt,A painting in the style of lnlwntrt,a lnlwntrt painting
A painting in the style of lnlwntrt,https://grusskarten.unicef.de/media/ba/09/14/1626098912/Leon-Loewntraut-04.jpg,A painting in the style of lnlwntrt,A painting in the style of lnlwntrt,a lnlwntrt painting
A painting in the style of lnlwntrt,https://i.pinimg.com/originals/fd/47/4e/fd474ef68046c1360b12f5545d5ba333.jpg,A painting in the style of lnlwntrt,A painting in the style of lnlwntrt,a lnlwntrt painting
A painting in the style of lnlwntrt,https://kunstraum-muenster.de/wp-content/uploads/2018/09/Loewentraut-studio-54.jpg,A painting in the style of lnlwntrt,A painting in the style of lnlwntrt,a lnlwntrt painting
A painting in the style of lnlwntrt,https://www.zimmermann-heitmann.de/sites/default/files/img/leon_loewentraut_different_minds_ii.jpg,A painting in the style of lnlwntrt,A painting in the style of lnlwntrt,a lnlwntrt painting
A painting in the style of lnlwntrt,https://grusskarten.unicef.de/media/ba/09/14/1626098912/Leon-Loewntraut-04.jpg,A painting in the style of lnlwntrt,A painting in the style of lnlwntrt,a lnlwntrt painting
A painting in the style of lnlwntrt,https://i.pinimg.com/originals/fd/47/4e/fd474ef68046c1360b12f5545d5ba333.jpg,A painting in the style of lnlwntrt,A painting in the style of lnlwntrt,a lnlwntrt painting
A painting in the style of lnlwntrt,https://kunstraum-muenster.de/wp-content/uploads/2018/09/Loewentraut-studio-54.jpg,A painting in the style of lnlwntrt,A painting in the style of lnlwntrt,a lnlwntrt painting
A painting in the style of lnlwntrt,https://www.zimmermann-heitmann.de/sites/default/files/img/leon_loewentraut_different_minds_ii.jpg,A painting in the style of lnlwntrt,A painting in the style of lnlwntrt,a lnlwntrt painting
A painting in the style of lnlwntrt,https://grusskarten.unicef.de/media/ba/09/14/1626098912/Leon-Loewntraut-04.jpg,A painting in the style of lnlwntrt,A painting in the style of lnlwntrt,a lnlwntrt painting
A painting in the style of lnlwntrt,https://i.pinimg.com/originals/fd/47/4e/fd474ef68046c1360b12f5545d5ba333.jpg,A painting in the style of lnlwntrt,A painting in the style of lnlwntrt,a lnlwntrt painting
A painting in the style of lnlwntrt,https://kunstraum-muenster.de/wp-content/uploads/2018/09/Loewentraut-studio-54.jpg,A painting in the style of lnlwntrt,A painting in the style of lnlwntrt,a lnlwntrt painting
A painting in the style of lnlwntrt,https://www.zimmermann-heitmann.de/sites/default/files/img/leon_loewentraut_different_minds_ii.jpg,A painting in the style of lnlwntrt,A painting in the style of lnlwntrt,a lnlwntrt painting
A painting in the style of lnlwntrt,https://grusskarten.unicef.de/media/ba/09/14/1626098912/Leon-Loewntraut-04.jpg,A painting in the style of lnlwntrt,A painting in the style of lnlwntrt,a lnlwntrt painting
A painting in the style of lnlwntrt,https://i.pinimg.com/originals/fd/47/4e/fd474ef68046c1360b12f5545d5ba333.jpg,A painting in the style of lnlwntrt,A painting in the style of lnlwntrt,a lnlwntrt painting
A painting in the style of lnlwntrt,https://kunstraum-muenster.de/wp-content/uploads/2018/09/Loewentraut-studio-54.jpg,A painting in the style of lnlwntrt,A painting in the style of lnlwntrt,a lnlwntrt painting
A painting in the style of lnlwntrt,https://www.zimmermann-heitmann.de/sites/default/files/img/leon_loewentraut_different_minds_ii.jpg,A painting in the style of lnlwntrt,A painting in the style of lnlwntrt,a lnlwntrt painting
A painting in the style of lnlwntrt,https://grusskarten.unicef.de/media/ba/09/14/1626098912/Leon-Loewntraut-04.jpg,A painting in the style of lnlwntrt,A painting in the style of lnlwntrt,a lnlwntrt painting
A painting in the style of lnlwntrt,https://i.pinimg.com/originals/fd/47/4e/fd474ef68046c1360b12f5545d5ba333.jpg,A painting in the style of lnlwntrt,A painting in the style of lnlwntrt,a lnlwntrt painting
A painting in the style of lnlwntrt,https://kunstraum-muenster.de/wp-content/uploads/2018/09/Loewentraut-studio-54.jpg,A painting in the style of lnlwntrt,A painting in the style of lnlwntrt,a lnlwntrt painting
A painting in the style of lnlwntrt,https://www.zimmermann-heitmann.de/sites/default/files/img/leon_loewentraut_different_minds_ii.jpg,A painting in the style of lnlwntrt,A painting in the style of lnlwntrt,a lnlwntrt painting
A painting in the style of lnlwntrt,https://grusskarten.unicef.de/media/ba/09/14/1626098912/Leon-Loewntraut-04.jpg,A painting in the style of lnlwntrt,A painting in the style of lnlwntrt,a lnlwntrt painting
A painting in the style of lnlwntrt,https://i.pinimg.com/originals/fd/47/4e/fd474ef68046c1360b12f5545d5ba333.jpg,A painting in the style of lnlwntrt,A painting in the style of lnlwntrt,a lnlwntrt painting
A painting in the style of lnlwntrt,https://kunstraum-muenster.de/wp-content/uploads/2018/09/Loewentraut-studio-54.jpg,A painting in the style of lnlwntrt,A painting in the style of lnlwntrt,a lnlwntrt painting
A painting in the style of lnlwntrt,https://www.zimmermann-heitmann.de/sites/default/files/img/leon_loewentraut_different_minds_ii.jpg,A painting in the style of lnlwntrt,A painting in the style of lnlwntrt,a lnlwntrt painting
A painting in the style of lnlwntrt,https://grusskarten.unicef.de/media/ba/09/14/1626098912/Leon-Loewntraut-04.jpg,A painting in the style of lnlwntrt,A painting in the style of lnlwntrt,a lnlwntrt painting
A painting in the style of lnlwntrt,https://i.pinimg.com/originals/fd/47/4e/fd474ef68046c1360b12f5545d5ba333.jpg,A painting in the style of lnlwntrt,A painting in the style of lnlwntrt,a lnlwntrt painting
A painting in the style of lnlwntrt,https://kunstraum-muenster.de/wp-content/uploads/2018/09/Loewentraut-studio-54.jpg,A painting in the style of lnlwntrt,A painting in the style of lnlwntrt,a lnlwntrt painting
A painting in the style of lnlwntrt,https://www.zimmermann-heitmann.de/sites/default/files/img/leon_loewentraut_different_minds_ii.jpg,A painting in the style of lnlwntrt,A painting in the style of lnlwntrt,a lnlwntrt painting
A painting in the style of lnlwntrt,https://grusskarten.unicef.de/media/ba/09/14/1626098912/Leon-Loewntraut-04.jpg,A painting in the style of lnlwntrt,A painting in the style of lnlwntrt,a lnlwntrt painting
A painting in the style of lnlwntrt,https://i.pinimg.com/originals/fd/47/4e/fd474ef68046c1360b12f5545d5ba333.jpg,A painting in the style of lnlwntrt,A painting in the style of lnlwntrt,a lnlwntrt painting
A painting in the style of lnlwntrt,https://kunstraum-muenster.de/wp-content/uploads/2018/09/Loewentraut-studio-54.jpg,A painting in the style of lnlwntrt,A painting in the style of lnlwntrt,a lnlwntrt painting
A painting in the style of lnlwntrt,https://www.zimmermann-heitmann.de/sites/default/files/img/leon_loewentraut_different_minds_ii.jpg,A painting in the style of lnlwntrt,A painting in the style of lnlwntrt,a lnlwntrt painting
A painting in the style of lnlwntrt,https://grusskarten.unicef.de/media/ba/09/14/1626098912/Leon-Loewntraut-04.jpg,A painting in the style of lnlwntrt,A painting in the style of lnlwntrt,a lnlwntrt painting
A painting in the style of lnlwntrt,https://i.pinimg.com/originals/fd/47/4e/fd474ef68046c1360b12f5545d5ba333.jpg,A painting in the style of lnlwntrt,A painting in the style of lnlwntrt,a lnlwntrt painting
A painting in the style of lnlwntrt,https://kunstraum-muenster.de/wp-content/uploads/2018/09/Loewentraut-studio-54.jpg,A painting in the style of lnlwntrt,A painting in the style of lnlwntrt,a lnlwntrt painting
A painting in the style of lnlwntrt,https://www.zimmermann-heitmann.de/sites/default/files/img/leon_loewentraut_different_minds_ii.jpg,A painting in the style of lnlwntrt,A painting in the style of lnlwntrt,a lnlwntrt painting
A painting in the style of lnlwntrt,https://grusskarten.unicef.de/media/ba/09/14/1626098912/Leon-Loewntraut-04.jpg,A painting in the style of lnlwntrt,A painting in the style of lnlwntrt,a lnlwntrt painting
A painting in the style of lnlwntrt,https://i.pinimg.com/originals/fd/47/4e/fd474ef68046c1360b12f5545d5ba333.jpg,A painting in the style of lnlwntrt,A painting in the style of lnlwntrt,a lnlwntrt painting
A painting in the style of lnlwntrt,https://kunstraum-muenster.de/wp-content/uploads/2018/09/Loewentraut-studio-54.jpg,A painting in the style of lnlwntrt,A painting in the style of lnlwntrt,a lnlwntrt painting
A painting in the style of lnlwntrt,https://www.zimmermann-heitmann.de/sites/default/files/img/leon_loewentraut_different_minds_ii.jpg,A painting in the style of lnlwntrt,A painting in the style of lnlwntrt,a lnlwntrt painting
A painting in the style of lnlwntrt,https://grusskarten.unicef.de/media/ba/09/14/1626098912/Leon-Loewntraut-04.jpg,A painting in the style of lnlwntrt,A painting in the style of lnlwntrt,a lnlwntrt painting
A painting in the style of lnlwntrt,https://i.pinimg.com/originals/fd/47/4e/fd474ef68046c1360b12f5545d5ba333.jpg,A painting in the style of lnlwntrt,A painting in the style of lnlwntrt,a lnlwntrt painting
A painting in the style of lnlwntrt,https://kunstraum-muenster.de/wp-content/uploads/2018/09/Loewentraut-studio-54.jpg,A painting in the style of lnlwntrt,A painting in the style of lnlwntrt,a lnlwntrt painting
A painting in the style of lnlwntrt,https://www.zimmermann-heitmann.de/sites/default/files/img/leon_loewentraut_different_minds_ii.jpg,A painting in the style of lnlwntrt,A painting in the style of lnlwntrt,a lnlwntrt painting
A painting in the style of lnlwntrt,https://grusskarten.unicef.de/media/ba/09/14/1626098912/Leon-Loewntraut-04.jpg,A painting in the style of lnlwntrt,A painting in the style of lnlwntrt,a lnlwntrt painting
A painting in the style of lnlwntrt,https://i.pinimg.com/originals/fd/47/4e/fd474ef68046c1360b12f5545d5ba333.jpg,A painting in the style of lnlwntrt,A painting in the style of lnlwntrt,a lnlwntrt painting
A painting in the style of lnlwntrt,https://kunstraum-muenster.de/wp-content/uploads/2018/09/Loewentraut-studio-54.jpg,A painting in the style of lnlwntrt,A painting in the style of lnlwntrt,a lnlwntrt painting
A painting in the style of lnlwntrt,https://www.zimmermann-heitmann.de/sites/default/files/img/leon_loewentraut_different_minds_ii.jpg,A painting in the style of lnlwntrt,A painting in the style of lnlwntrt,a lnlwntrt painting
A painting in the style of lnlwntrt,https://grusskarten.unicef.de/media/ba/09/14/1626098912/Leon-Loewntraut-04.jpg,A painting in the style of lnlwntrt,A painting in the style of lnlwntrt,a lnlwntrt painting
A painting in the style of lnlwntrt,https://i.pinimg.com/originals/fd/47/4e/fd474ef68046c1360b12f5545d5ba333.jpg,A painting in the style of lnlwntrt,A painting in the style of lnlwntrt,a lnlwntrt painting
A painting in the style of lnlwntrt,https://kunstraum-muenster.de/wp-content/uploads/2018/09/Loewentraut-studio-54.jpg,A painting in the style of lnlwntrt,A painting in the style of lnlwntrt,a lnlwntrt painting
A painting in the style of lnlwntrt,https://www.zimmermann-heitmann.de/sites/default/files/img/leon_loewentraut_different_minds_ii.jpg,A painting in the style of lnlwntrt,A painting in the style of lnlwntrt,a lnlwntrt painting
A painting in the style of lnlwntrt,https://grusskarten.unicef.de/media/ba/09/14/1626098912/Leon-Loewntraut-04.jpg,A painting in the style of lnlwntrt,A painting in the style of lnlwntrt,a lnlwntrt painting
A painting in the style of lnlwntrt,https://i.pinimg.com/originals/fd/47/4e/fd474ef68046c1360b12f5545d5ba333.jpg,A painting in the style of lnlwntrt,A painting in the style of lnlwntrt,a lnlwntrt painting
A painting in the style of lnlwntrt,https://kunstraum-muenster.de/wp-content/uploads/2018/09/Loewentraut-studio-54.jpg,A painting in the style of lnlwntrt,A painting in the style of lnlwntrt,a lnlwntrt painting
A painting in the style of lnlwntrt,https://www.zimmermann-heitmann.de/sites/default/files/img/leon_loewentraut_different_minds_ii.jpg,A painting in the style of lnlwntrt,A painting in the style of lnlwntrt,a lnlwntrt painting
A painting in the style of lnlwntrt,https://grusskarten.unicef.de/media/ba/09/14/1626098912/Leon-Loewntraut-04.jpg,A painting in the style of lnlwntrt,A painting in the style of lnlwntrt,a lnlwntrt painting
A painting in the style of lnlwntrt,https://i.pinimg.com/originals/fd/47/4e/fd474ef68046c1360b12f5545d5ba333.jpg,A painting in the style of lnlwntrt,A painting in the style of lnlwntrt,a lnlwntrt painting
A painting in the style of lnlwntrt,https://kunstraum-muenster.de/wp-content/uploads/2018/09/Loewentraut-studio-54.jpg,A painting in the style of lnlwntrt,A painting in the style of lnlwntrt,a lnlwntrt painting
A painting in the style of lnlwntrt,https://www.zimmermann-heitmann.de/sites/default/files/img/leon_loewentraut_different_minds_ii.jpg,A painting in the style of lnlwntrt,A painting in the style of lnlwntrt,a lnlwntrt painting
A painting in the style of lnlwntrt,https://grusskarten.unicef.de/media/ba/09/14/1626098912/Leon-Loewntraut-04.jpg,A painting in the style of lnlwntrt,A painting in the style of lnlwntrt,a lnlwntrt painting
A painting in the style of lnlwntrt,https://i.pinimg.com/originals/fd/47/4e/fd474ef68046c1360b12f5545d5ba333.jpg,A painting in the style of lnlwntrt,A painting in the style of lnlwntrt,a lnlwntrt painting
A painting in the style of lnlwntrt,https://kunstraum-muenster.de/wp-content/uploads/2018/09/Loewentraut-studio-54.jpg,A painting in the style of lnlwntrt,A painting in the style of lnlwntrt,a lnlwntrt painting
A painting in the style of lnlwntrt,https://www.zimmermann-heitmann.de/sites/default/files/img/leon_loewentraut_different_minds_ii.jpg,A painting in the style of lnlwntrt,A painting in the style of lnlwntrt,a lnlwntrt painting
A painting in the style of lnlwntrt,https://grusskarten.unicef.de/media/ba/09/14/1626098912/Leon-Loewntraut-04.jpg,A painting in the style of lnlwntrt,A painting in the style of lnlwntrt,a lnlwntrt painting
A painting in the style of lnlwntrt,https://i.pinimg.com/originals/fd/47/4e/fd474ef68046c1360b12f5545d5ba333.jpg,A painting in the style of lnlwntrt,A painting in the style of lnlwntrt,a lnlwntrt painting
A painting in the style of lnlwntrt,https://kunstraum-muenster.de/wp-content/uploads/2018/09/Loewentraut-studio-54.jpg,A painting in the style of lnlwntrt,A painting in the style of lnlwntrt,a lnlwntrt painting
A painting in the style of lnlwntrt,https://www.zimmermann-heitmann.de/sites/default/files/img/leon_loewentraut_different_minds_ii.jpg,A painting in the style of lnlwntrt,A painting in the style of lnlwntrt,a lnlwntrt painting
A painting in the style of lnlwntrt,https://grusskarten.unicef.de/media/ba/09/14/1626098912/Leon-Loewntraut-04.jpg,A painting in the style of lnlwntrt,A painting in the style of lnlwntrt,a lnlwntrt painting
A painting in the style of lnlwntrt,https://i.pinimg.com/originals/fd/47/4e/fd474ef68046c1360b12f5545d5ba333.jpg,A painting in the style of lnlwntrt,A painting in the style of lnlwntrt,a lnlwntrt painting
A painting in the style of lnlwntrt,https://kunstraum-muenster.de/wp-content/uploads/2018/09/Loewentraut-studio-54.jpg,A painting in the style of lnlwntrt,A painting in the style of lnlwntrt,a lnlwntrt painting
A painting in the style of lnlwntrt,https://www.zimmermann-heitmann.de/sites/default/files/img/leon_loewentraut_different_minds_ii.jpg,A painting in the style of lnlwntrt,A painting in the style of lnlwntrt,a lnlwntrt painting
A painting in the style of lnlwntrt,https://grusskarten.unicef.de/media/ba/09/14/1626098912/Leon-Loewntraut-04.jpg,A painting in the style of lnlwntrt,A painting in the style of lnlwntrt,a lnlwntrt painting
A painting in the style of lnlwntrt,https://i.pinimg.com/originals/fd/47/4e/fd474ef68046c1360b12f5545d5ba333.jpg,A painting in the style of lnlwntrt,A painting in the style of lnlwntrt,a lnlwntrt painting
A painting in the style of lnlwntrt,https://kunstraum-muenster.de/wp-content/uploads/2018/09/Loewentraut-studio-54.jpg,A painting in the style of lnlwntrt,A painting in the style of lnlwntrt,a lnlwntrt painting
A painting in the style of lnlwntrt,https://www.zimmermann-heitmann.de/sites/default/files/img/leon_loewentraut_different_minds_ii.jpg,A painting in the style of lnlwntrt,A painting in the style of lnlwntrt,a lnlwntrt painting
A painting in the style of lnlwntrt,https://grusskarten.unicef.de/media/ba/09/14/1626098912/Leon-Loewntraut-04.jpg,A painting in the style of lnlwntrt,A painting in the style of lnlwntrt,a lnlwntrt painting
A painting in the style of lnlwntrt,https://i.pinimg.com/originals/fd/47/4e/fd474ef68046c1360b12f5545d5ba333.jpg,A painting in the style of lnlwntrt,A painting in the style of lnlwntrt,a lnlwntrt painting
A painting in the style of lnlwntrt,https://kunstraum-muenster.de/wp-content/uploads/2018/09/Loewentraut-studio-54.jpg,A painting in the style of lnlwntrt,A painting in the style of lnlwntrt,a lnlwntrt painting
A painting in the style of lnlwntrt,https://www.zimmermann-heitmann.de/sites/default/files/img/leon_loewentraut_different_minds_ii.jpg,A painting in the style of lnlwntrt,A painting in the style of lnlwntrt,a lnlwntrt painting
A painting in the style of lnlwntrt,https://grusskarten.unicef.de/media/ba/09/14/1626098912/Leon-Loewntraut-04.jpg,A painting in the style of lnlwntrt,A painting in the style of lnlwntrt,a lnlwntrt painting
A painting in the style of lnlwntrt,https://i.pinimg.com/originals/fd/47/4e/fd474ef68046c1360b12f5545d5ba333.jpg,A painting in the style of lnlwntrt,A painting in the style of lnlwntrt,a lnlwntrt painting
A painting in the style of lnlwntrt,https://kunstraum-muenster.de/wp-content/uploads/2018/09/Loewentraut-studio-54.jpg,A painting in the style of lnlwntrt,A painting in the style of lnlwntrt,a lnlwntrt painting
A painting in the style of lnlwntrt,https://www.zimmermann-heitmann.de/sites/default/files/img/leon_loewentraut_different_minds_ii.jpg,A painting in the style of lnlwntrt,A painting in the style of lnlwntrt,a lnlwntrt painting
A painting in the style of lnlwntrt,https://grusskarten.unicef.de/media/ba/09/14/1626098912/Leon-Loewntraut-04.jpg,A painting in the style of lnlwntrt,A painting in the style of lnlwntrt,a lnlwntrt painting
A painting in the style of lnlwntrt,https://i.pinimg.com/originals/fd/47/4e/fd474ef68046c1360b12f5545d5ba333.jpg,A painting in the style of lnlwntrt,A painting in the style of lnlwntrt,a lnlwntrt painting
A painting in the style of lnlwntrt,https://kunstraum-muenster.de/wp-content/uploads/2018/09/Loewentraut-studio-54.jpg,A painting in the style of lnlwntrt,A painting in the style of lnlwntrt,a lnlwntrt painting
A painting in the style of lnlwntrt,https://www.zimmermann-heitmann.de/sites/default/files/img/leon_loewentraut_different_minds_ii.jpg,A painting in the style of lnlwntrt,A painting in the style of lnlwntrt,a lnlwntrt painting
A painting in the style of lnlwntrt,https://grusskarten.unicef.de/media/ba/09/14/1626098912/Leon-Loewntraut-04.jpg,A painting in the style of lnlwntrt,A painting in the style of lnlwntrt,a lnlwntrt painting
A painting in the style of lnlwntrt,https://i.pinimg.com/originals/fd/47/4e/fd474ef68046c1360b12f5545d5ba333.jpg,A painting in the style of lnlwntrt,A painting in the style of lnlwntrt,a lnlwntrt painting
A painting in the style of lnlwntrt,https://kunstraum-muenster.de/wp-content/uploads/2018/09/Loewentraut-studio-54.jpg,A painting in the style of lnlwntrt,A painting in the style of lnlwntrt,a lnlwntrt painting
A painting in the style of lnlwntrt,https://www.zimmermann-heitmann.de/sites/default/files/img/leon_loewentraut_different_minds_ii.jpg,A painting in the style of lnlwntrt,A painting in the style of lnlwntrt,a lnlwntrt painting
A painting in the style of lnlwntrt,https://grusskarten.unicef.de/media/ba/09/14/1626098912/Leon-Loewntraut-04.jpg,A painting in the style of lnlwntrt,A painting in the style of lnlwntrt,a lnlwntrt painting
A painting in the style of lnlwntrt,https://i.pinimg.com/originals/fd/47/4e/fd474ef68046c1360b12f5545d5ba333.jpg,A painting in the style of lnlwntrt,A painting in the style of lnlwntrt,a lnlwntrt painting
A painting in the style of lnlwntrt,https://kunstraum-muenster.de/wp-content/uploads/2018/09/Loewentraut-studio-54.jpg,A painting in the style of lnlwntrt,A painting in the style of lnlwntrt,a lnlwntrt painting
A painting in the style of lnlwntrt,https://www.zimmermann-heitmann.de/sites/default/files/img/leon_loewentraut_different_minds_ii.jpg,A painting in the style of lnlwntrt,A painting in the style of lnlwntrt,a lnlwntrt painting
A painting in the style of lnlwntrt,https://grusskarten.unicef.de/media/ba/09/14/1626098912/Leon-Loewntraut-04.jpg,A painting in the style of lnlwntrt,A painting in the style of lnlwntrt,a lnlwntrt painting
A painting in the style of lnlwntrt,https://i.pinimg.com/originals/fd/47/4e/fd474ef68046c1360b12f5545d5ba333.jpg,A painting in the style of lnlwntrt,A painting in the style of lnlwntrt,a lnlwntrt painting
A painting in the style of lnlwntrt,https://kunstraum-muenster.de/wp-content/uploads/2018/09/Loewentraut-studio-54.jpg,A painting in the style of lnlwntrt,A painting in the style of lnlwntrt,a lnlwntrt painting
A painting in the style of lnlwntrt,https://www.zimmermann-heitmann.de/sites/default/files/img/leon_loewentraut_different_minds_ii.jpg,A painting in the style of lnlwntrt,A painting in the style of lnlwntrt,a lnlwntrt painting
A painting in the style of lnlwntrt,https://grusskarten.unicef.de/media/ba/09/14/1626098912/Leon-Loewntraut-04.jpg,A painting in the style of lnlwntrt,A painting in the style of lnlwntrt,a lnlwntrt painting
A painting in the style of lnlwntrt,https://i.pinimg.com/originals/fd/47/4e/fd474ef68046c1360b12f5545d5ba333.jpg,A painting in the style of lnlwntrt,A painting in the style of lnlwntrt,a lnlwntrt painting
A painting in the style of lnlwntrt,https://kunstraum-muenster.de/wp-content/uploads/2018/09/Loewentraut-studio-54.jpg,A painting in the style of lnlwntrt,A painting in the style of lnlwntrt,a lnlwntrt painting
A painting in the style of lnlwntrt,https://www.zimmermann-heitmann.de/sites/default/files/img/leon_loewentraut_different_minds_ii.jpg,A painting in the style of lnlwntrt,A painting in the style of lnlwntrt,a lnlwntrt painting
A painting in the style of lnlwntrt,https://grusskarten.unicef.de/media/ba/09/14/1626098912/Leon-Loewntraut-04.jpg,A painting in the style of lnlwntrt,A painting in the style of lnlwntrt,a lnlwntrt painting
A painting in the style of lnlwntrt,https://i.pinimg.com/originals/fd/47/4e/fd474ef68046c1360b12f5545d5ba333.jpg,A painting in the style of lnlwntrt,A painting in the style of lnlwntrt,a lnlwntrt painting
A painting in the style of lnlwntrt,https://kunstraum-muenster.de/wp-content/uploads/2018/09/Loewentraut-studio-54.jpg,A painting in the style of lnlwntrt,A painting in the style of lnlwntrt,a lnlwntrt painting
A painting in the style of lnlwntrt,https://www.zimmermann-heitmann.de/sites/default/files/img/leon_loewentraut_different_minds_ii.jpg,A painting in the style of lnlwntrt,A painting in the style of lnlwntrt,a lnlwntrt painting
A painting in the style of lnlwntrt,https://grusskarten.unicef.de/media/ba/09/14/1626098912/Leon-Loewntraut-04.jpg,A painting in the style of lnlwntrt,A painting in the style of lnlwntrt,a lnlwntrt painting
A painting in the style of lnlwntrt,https://i.pinimg.com/originals/fd/47/4e/fd474ef68046c1360b12f5545d5ba333.jpg,A painting in the style of lnlwntrt,A painting in the style of lnlwntrt,a lnlwntrt painting
A painting in the style of lnlwntrt,https://kunstraum-muenster.de/wp-content/uploads/2018/09/Loewentraut-studio-54.jpg,A painting in the style of lnlwntrt,A painting in the style of lnlwntrt,a lnlwntrt painting
A painting in the style of lnlwntrt,https://www.zimmermann-heitmann.de/sites/default/files/img/leon_loewentraut_different_minds_ii.jpg,A painting in the style of lnlwntrt,A painting in the style of lnlwntrt,a lnlwntrt painting
A painting in the style of lnlwntrt,https://grusskarten.unicef.de/media/ba/09/14/1626098912/Leon-Loewntraut-04.jpg,A painting in the style of lnlwntrt,A painting in the style of lnlwntrt,a lnlwntrt painting
A painting in the style of lnlwntrt,https://i.pinimg.com/originals/fd/47/4e/fd474ef68046c1360b12f5545d5ba333.jpg,A painting in the style of lnlwntrt,A painting in the style of lnlwntrt,a lnlwntrt painting
A painting in the style of lnlwntrt,https://kunstraum-muenster.de/wp-content/uploads/2018/09/Loewentraut-studio-54.jpg,A painting in the style of lnlwntrt,A painting in the style of lnlwntrt,a lnlwntrt painting
A painting in the style of lnlwntrt,https://www.zimmermann-heitmann.de/sites/default/files/img/leon_loewentraut_different_minds_ii.jpg,A painting in the style of lnlwntrt,A painting in the style of lnlwntrt,a lnlwntrt painting
A painting in the style of lnlwntrt,https://grusskarten.unicef.de/media/ba/09/14/1626098912/Leon-Loewntraut-04.jpg,A painting in the style of lnlwntrt,A painting in the style of lnlwntrt,a lnlwntrt painting
A painting in the style of lnlwntrt,https://i.pinimg.com/originals/fd/47/4e/fd474ef68046c1360b12f5545d5ba333.jpg,A painting in the style of lnlwntrt,A painting in the style of lnlwntrt,a lnlwntrt painting
A painting in the style of lnlwntrt,https://kunstraum-muenster.de/wp-content/uploads/2018/09/Loewentraut-studio-54.jpg,A painting in the style of lnlwntrt,A painting in the style of lnlwntrt,a lnlwntrt painting
A painting in the style of lnlwntrt,https://www.zimmermann-heitmann.de/sites/default/files/img/leon_loewentraut_different_minds_ii.jpg,A painting in the style of lnlwntrt,A painting in the style of lnlwntrt,a lnlwntrt painting
A painting in the style of lnlwntrt,https://grusskarten.unicef.de/media/ba/09/14/1626098912/Leon-Loewntraut-04.jpg,A painting in the style of lnlwntrt,A painting in the style of lnlwntrt,a lnlwntrt painting
A painting in the style of lnlwntrt,https://i.pinimg.com/originals/fd/47/4e/fd474ef68046c1360b12f5545d5ba333.jpg,A painting in the style of lnlwntrt,A painting in the style of lnlwntrt,a lnlwntrt painting
A painting in the style of lnlwntrt,https://kunstraum-muenster.de/wp-content/uploads/2018/09/Loewentraut-studio-54.jpg,A painting in the style of lnlwntrt,A painting in the style of lnlwntrt,a lnlwntrt painting
A painting in the style of lnlwntrt,https://www.zimmermann-heitmann.de/sites/default/files/img/leon_loewentraut_different_minds_ii.jpg,A painting in the style of lnlwntrt,A painting in the style of lnlwntrt,a lnlwntrt painting
A painting in the style of lnlwntrt,https://grusskarten.unicef.de/media/ba/09/14/1626098912/Leon-Loewntraut-04.jpg,A painting in the style of lnlwntrt,A painting in the style of lnlwntrt,a lnlwntrt painting
A painting in the style of lnlwntrt,https://i.pinimg.com/originals/fd/47/4e/fd474ef68046c1360b12f5545d5ba333.jpg,A painting in the style of lnlwntrt,A painting in the style of lnlwntrt,a lnlwntrt painting
A painting in the style of lnlwntrt,https://kunstraum-muenster.de/wp-content/uploads/2018/09/Loewentraut-studio-54.jpg,A painting in the style of lnlwntrt,A painting in the style of lnlwntrt,a lnlwntrt painting
A painting in the style of lnlwntrt,https://www.zimmermann-heitmann.de/sites/default/files/img/leon_loewentraut_different_minds_ii.jpg,A painting in the style of lnlwntrt,A painting in the style of lnlwntrt,a lnlwntrt painting
A painting in the style of lnlwntrt,https://grusskarten.unicef.de/media/ba/09/14/1626098912/Leon-Loewntraut-04.jpg,A painting in the style of lnlwntrt,A painting in the style of lnlwntrt,a lnlwntrt painting
A painting in the style of lnlwntrt,https://i.pinimg.com/originals/fd/47/4e/fd474ef68046c1360b12f5545d5ba333.jpg,A painting in the style of lnlwntrt,A painting in the style of lnlwntrt,a lnlwntrt painting
A painting in the style of lnlwntrt,https://kunstraum-muenster.de/wp-content/uploads/2018/09/Loewentraut-studio-54.jpg,A painting in the style of lnlwntrt,A painting in the style of lnlwntrt,a lnlwntrt painting
A painting in the style of lnlwntrt,https://www.zimmermann-heitmann.de/sites/default/files/img/leon_loewentraut_different_minds_ii.jpg,A painting in the style of lnlwntrt,A painting in the style of lnlwntrt,a lnlwntrt painting
A painting in the style of lnlwntrt,https://grusskarten.unicef.de/media/ba/09/14/1626098912/Leon-Loewntraut-04.jpg,A painting in the style of lnlwntrt,A painting in the style of lnlwntrt,a lnlwntrt painting
A painting in the style of lnlwntrt,https://i.pinimg.com/originals/fd/47/4e/fd474ef68046c1360b12f5545d5ba333.jpg,A painting in the style of lnlwntrt,A painting in the style of lnlwntrt,a lnlwntrt painting
A painting in the style of lnlwntrt,https://kunstraum-muenster.de/wp-content/uploads/2018/09/Loewentraut-studio-54.jpg,A painting in the style of lnlwntrt,A painting in the style of lnlwntrt,a lnlwntrt painting
A painting in the style of lnlwntrt,https://www.zimmermann-heitmann.de/sites/default/files/img/leon_loewentraut_different_minds_ii.jpg,A painting in the style of lnlwntrt,A painting in the style of lnlwntrt,a lnlwntrt painting
A painting in the style of lnlwntrt,https://grusskarten.unicef.de/media/ba/09/14/1626098912/Leon-Loewntraut-04.jpg,A painting in the style of lnlwntrt,A painting in the style of lnlwntrt,a lnlwntrt painting
A painting in the style of lnlwntrt,https://i.pinimg.com/originals/fd/47/4e/fd474ef68046c1360b12f5545d5ba333.jpg,A painting in the style of lnlwntrt,A painting in the style of lnlwntrt,a lnlwntrt painting
A painting in the style of lnlwntrt,https://kunstraum-muenster.de/wp-content/uploads/2018/09/Loewentraut-studio-54.jpg,A painting in the style of lnlwntrt,A painting in the style of lnlwntrt,a lnlwntrt painting
A painting in the style of lnlwntrt,https://www.zimmermann-heitmann.de/sites/default/files/img/leon_loewentraut_different_minds_ii.jpg,A painting in the style of lnlwntrt,A painting in the style of lnlwntrt,a lnlwntrt painting
A painting in the style of lnlwntrt,https://grusskarten.unicef.de/media/ba/09/14/1626098912/Leon-Loewntraut-04.jpg,A painting in the style of lnlwntrt,A painting in the style of lnlwntrt,a lnlwntrt painting
A painting in the style of lnlwntrt,https://i.pinimg.com/originals/fd/47/4e/fd474ef68046c1360b12f5545d5ba333.jpg,A painting in the style of lnlwntrt,A painting in the style of lnlwntrt,a lnlwntrt painting
A painting in the style of lnlwntrt,https://kunstraum-muenster.de/wp-content/uploads/2018/09/Loewentraut-studio-54.jpg,A painting in the style of lnlwntrt,A painting in the style of lnlwntrt,a lnlwntrt painting
A painting in the style of lnlwntrt,https://www.zimmermann-heitmann.de/sites/default/files/img/leon_loewentraut_different_minds_ii.jpg,A painting in the style of lnlwntrt,A painting in the style of lnlwntrt,a lnlwntrt painting
A painting in the style of lnlwntrt,https://grusskarten.unicef.de/media/ba/09/14/1626098912/Leon-Loewntraut-04.jpg,A painting in the style of lnlwntrt,A painting in the style of lnlwntrt,a lnlwntrt painting
A painting in the style of lnlwntrt,https://i.pinimg.com/originals/fd/47/4e/fd474ef68046c1360b12f5545d5ba333.jpg,A painting in the style of lnlwntrt,A painting in the style of lnlwntrt,a lnlwntrt painting
A painting in the style of lnlwntrt,https://kunstraum-muenster.de/wp-content/uploads/2018/09/Loewentraut-studio-54.jpg,A painting in the style of lnlwntrt,A painting in the style of lnlwntrt,a lnlwntrt painting
A painting in the style of lnlwntrt,https://www.zimmermann-heitmann.de/sites/default/files/img/leon_loewentraut_different_minds_ii.jpg,A painting in the style of lnlwntrt,A painting in the style of lnlwntrt,a lnlwntrt painting
A painting in the style of lnlwntrt,https://grusskarten.unicef.de/media/ba/09/14/1626098912/Leon-Loewntraut-04.jpg,A painting in the style of lnlwntrt,A painting in the style of lnlwntrt,a lnlwntrt painting
A painting in the style of lnlwntrt,https://i.pinimg.com/originals/fd/47/4e/fd474ef68046c1360b12f5545d5ba333.jpg,A painting in the style of lnlwntrt,A painting in the style of lnlwntrt,a lnlwntrt painting
A painting in the style of lnlwntrt,https://kunstraum-muenster.de/wp-content/uploads/2018/09/Loewentraut-studio-54.jpg,A painting in the style of lnlwntrt,A painting in the style of lnlwntrt,a lnlwntrt painting
A painting in the style of lnlwntrt,https://www.zimmermann-heitmann.de/sites/default/files/img/leon_loewentraut_different_minds_ii.jpg,A painting in the style of lnlwntrt,A painting in the style of lnlwntrt,a lnlwntrt painting
A painting in the style of lnlwntrt,https://grusskarten.unicef.de/media/ba/09/14/1626098912/Leon-Loewntraut-04.jpg,A painting in the style of lnlwntrt,A painting in the style of lnlwntrt,a lnlwntrt painting
A painting in the style of lnlwntrt,https://i.pinimg.com/originals/fd/47/4e/fd474ef68046c1360b12f5545d5ba333.jpg,A painting in the style of lnlwntrt,A painting in the style of lnlwntrt,a lnlwntrt painting
A painting in the style of lnlwntrt,https://kunstraum-muenster.de/wp-content/uploads/2018/09/Loewentraut-studio-54.jpg,A painting in the style of lnlwntrt,A painting in the style of lnlwntrt,a lnlwntrt painting
A painting in the style of lnlwntrt,https://www.zimmermann-heitmann.de/sites/default/files/img/leon_loewentraut_different_minds_ii.jpg,A painting in the style of lnlwntrt,A painting in the style of lnlwntrt,a lnlwntrt painting
A painting in the style of lnlwntrt,https://grusskarten.unicef.de/media/ba/09/14/1626098912/Leon-Loewntraut-04.jpg,A painting in the style of lnlwntrt,A painting in the style of lnlwntrt,a lnlwntrt painting
A painting in the style of lnlwntrt,https://i.pinimg.com/originals/fd/47/4e/fd474ef68046c1360b12f5545d5ba333.jpg,A painting in the style of lnlwntrt,A painting in the style of lnlwntrt,a lnlwntrt painting
A painting in the style of lnlwntrt,https://kunstraum-muenster.de/wp-content/uploads/2018/09/Loewentraut-studio-54.jpg,A painting in the style of lnlwntrt,A painting in the style of lnlwntrt,a lnlwntrt painting
A painting in the style of lnlwntrt,https://www.zimmermann-heitmann.de/sites/default/files/img/leon_loewentraut_different_minds_ii.jpg,A painting in the style of lnlwntrt,A painting in the style of lnlwntrt,a lnlwntrt painting
A painting in the style of lnlwntrt,https://grusskarten.unicef.de/media/ba/09/14/1626098912/Leon-Loewntraut-04.jpg,A painting in the style of lnlwntrt,A painting in the style of lnlwntrt,a lnlwntrt painting
A painting in the style of lnlwntrt,https://i.pinimg.com/originals/fd/47/4e/fd474ef68046c1360b12f5545d5ba333.jpg,A painting in the style of lnlwntrt,A painting in the style of lnlwntrt,a lnlwntrt painting
A painting in the style of lnlwntrt,https://kunstraum-muenster.de/wp-content/uploads/2018/09/Loewentraut-studio-54.jpg,A painting in the style of lnlwntrt,A painting in the style of lnlwntrt,a lnlwntrt painting
A painting in the style of lnlwntrt,https://www.zimmermann-heitmann.de/sites/default/files/img/leon_loewentraut_different_minds_ii.jpg,A painting in the style of lnlwntrt,A painting in the style of lnlwntrt,a lnlwntrt painting
A painting in the style of lnlwntrt,https://grusskarten.unicef.de/media/ba/09/14/1626098912/Leon-Loewntraut-04.jpg,A painting in the style of lnlwntrt,A painting in the style of lnlwntrt,a lnlwntrt painting
A painting in the style of lnlwntrt,https://i.pinimg.com/originals/fd/47/4e/fd474ef68046c1360b12f5545d5ba333.jpg,A painting in the style of lnlwntrt,A painting in the style of lnlwntrt,a lnlwntrt painting
A painting in the style of lnlwntrt,https://kunstraum-muenster.de/wp-content/uploads/2018/09/Loewentraut-studio-54.jpg,A painting in the style of lnlwntrt,A painting in the style of lnlwntrt,a lnlwntrt painting
A painting in the style of lnlwntrt,https://www.zimmermann-heitmann.de/sites/default/files/img/leon_loewentraut_different_minds_ii.jpg,A painting in the style of lnlwntrt,A painting in the style of lnlwntrt,a lnlwntrt painting
A painting in the style of lnlwntrt,https://grusskarten.unicef.de/media/ba/09/14/1626098912/Leon-Loewntraut-04.jpg,A painting in the style of lnlwntrt,A painting in the style of lnlwntrt,a lnlwntrt painting
A painting in the style of lnlwntrt,https://i.pinimg.com/originals/fd/47/4e/fd474ef68046c1360b12f5545d5ba333.jpg,A painting in the style of lnlwntrt,A painting in the style of lnlwntrt,a lnlwntrt painting
A painting in the style of lnlwntrt,https://kunstraum-muenster.de/wp-content/uploads/2018/09/Loewentraut-studio-54.jpg,A painting in the style of lnlwntrt,A painting in the style of lnlwntrt,a lnlwntrt painting
A painting in the style of lnlwntrt,https://www.zimmermann-heitmann.de/sites/default/files/img/leon_loewentraut_different_minds_ii.jpg,A painting in the style of lnlwntrt,A painting in the style of lnlwntrt,a lnlwntrt painting
A painting in the style of lnlwntrt,https://grusskarten.unicef.de/media/ba/09/14/1626098912/Leon-Loewntraut-04.jpg,A painting in the style of lnlwntrt,A painting in the style of lnlwntrt,a lnlwntrt painting
A painting in the style of lnlwntrt,https://i.pinimg.com/originals/fd/47/4e/fd474ef68046c1360b12f5545d5ba333.jpg,A painting in the style of lnlwntrt,A painting in the style of lnlwntrt,a lnlwntrt painting
A painting in the style of lnlwntrt,https://kunstraum-muenster.de/wp-content/uploads/2018/09/Loewentraut-studio-54.jpg,A painting in the style of lnlwntrt,A painting in the style of lnlwntrt,a lnlwntrt painting
A painting in the style of lnlwntrt,https://www.zimmermann-heitmann.de/sites/default/files/img/leon_loewentraut_different_minds_ii.jpg,A painting in the style of lnlwntrt,A painting in the style of lnlwntrt,a lnlwntrt painting
A painting in the style of lnlwntrt,https://grusskarten.unicef.de/media/ba/09/14/1626098912/Leon-Loewntraut-04.jpg,A painting in the style of lnlwntrt,A painting in the style of lnlwntrt,a lnlwntrt painting
A painting in the style of lnlwntrt,https://i.pinimg.com/originals/fd/47/4e/fd474ef68046c1360b12f5545d5ba333.jpg,A painting in the style of lnlwntrt,A painting in the style of lnlwntrt,a lnlwntrt painting
A painting in the style of lnlwntrt,https://kunstraum-muenster.de/wp-content/uploads/2018/09/Loewentraut-studio-54.jpg,A painting in the style of lnlwntrt,A painting in the style of lnlwntrt,a lnlwntrt painting
A painting in the style of lnlwntrt,https://www.zimmermann-heitmann.de/sites/default/files/img/leon_loewentraut_different_minds_ii.jpg,A painting in the style of lnlwntrt,A painting in the style of lnlwntrt,a lnlwntrt painting
A painting in the style of lnlwntrt,https://grusskarten.unicef.de/media/ba/09/14/1626098912/Leon-Loewntraut-04.jpg,A painting in the style of lnlwntrt,A painting in the style of lnlwntrt,a lnlwntrt painting
A painting in the style of lnlwntrt,https://i.pinimg.com/originals/fd/47/4e/fd474ef68046c1360b12f5545d5ba333.jpg,A painting in the style of lnlwntrt,A painting in the style of lnlwntrt,a lnlwntrt painting
A painting in the style of lnlwntrt,https://kunstraum-muenster.de/wp-content/uploads/2018/09/Loewentraut-studio-54.jpg,A painting in the style of lnlwntrt,A painting in the style of lnlwntrt,a lnlwntrt painting
A painting in the style of lnlwntrt,https://www.zimmermann-heitmann.de/sites/default/files/img/leon_loewentraut_different_minds_ii.jpg,A painting in the style of lnlwntrt,A painting in the style of lnlwntrt,a lnlwntrt painting
A painting in the style of lnlwntrt,https://grusskarten.unicef.de/media/ba/09/14/1626098912/Leon-Loewntraut-04.jpg,A painting in the style of lnlwntrt,A painting in the style of lnlwntrt,a lnlwntrt painting
A painting in the style of lnlwntrt,https://i.pinimg.com/originals/fd/47/4e/fd474ef68046c1360b12f5545d5ba333.jpg,A painting in the style of lnlwntrt,A painting in the style of lnlwntrt,a lnlwntrt painting
A painting in the style of lnlwntrt,https://kunstraum-muenster.de/wp-content/uploads/2018/09/Loewentraut-studio-54.jpg,A painting in the style of lnlwntrt,A painting in the style of lnlwntrt,a lnlwntrt painting
A painting in the style of lnlwntrt,https://www.zimmermann-heitmann.de/sites/default/files/img/leon_loewentraut_different_minds_ii.jpg,A painting in the style of lnlwntrt,A painting in the style of lnlwntrt,a lnlwntrt painting
A painting in the style of lnlwntrt,https://grusskarten.unicef.de/media/ba/09/14/1626098912/Leon-Loewntraut-04.jpg,A painting in the style of lnlwntrt,A painting in the style of lnlwntrt,a lnlwntrt painting
A painting in the style of lnlwntrt,https://i.pinimg.com/originals/fd/47/4e/fd474ef68046c1360b12f5545d5ba333.jpg,A painting in the style of lnlwntrt,A painting in the style of lnlwntrt,a lnlwntrt painting
A painting in the style of lnlwntrt,https://kunstraum-muenster.de/wp-content/uploads/2018/09/Loewentraut-studio-54.jpg,A painting in the style of lnlwntrt,A painting in the style of lnlwntrt,a lnlwntrt painting
A painting in the style of lnlwntrt,https://www.zimmermann-heitmann.de/sites/default/files/img/leon_loewentraut_different_minds_ii.jpg,A painting in the style of lnlwntrt,A painting in the style of lnlwntrt,a lnlwntrt painting
A painting in the style of lnlwntrt,https://grusskarten.unicef.de/media/ba/09/14/1626098912/Leon-Loewntraut-04.jpg,A painting in the style of lnlwntrt,A painting in the style of lnlwntrt,a lnlwntrt painting
A painting in the style of lnlwntrt,https://i.pinimg.com/originals/fd/47/4e/fd474ef68046c1360b12f5545d5ba333.jpg,A painting in the style of lnlwntrt,A painting in the style of lnlwntrt,a lnlwntrt painting
A painting in the style of lnlwntrt,https://kunstraum-muenster.de/wp-content/uploads/2018/09/Loewentraut-studio-54.jpg,A painting in the style of lnlwntrt,A painting in the style of lnlwntrt,a lnlwntrt painting
A painting in the style of lnlwntrt,https://www.zimmermann-heitmann.de/sites/default/files/img/leon_loewentraut_different_minds_ii.jpg,A painting in the style of lnlwntrt,A painting in the style of lnlwntrt,a lnlwntrt painting
A painting in the style of lnlwntrt,https://grusskarten.unicef.de/media/ba/09/14/1626098912/Leon-Loewntraut-04.jpg,A painting in the style of lnlwntrt,A painting in the style of lnlwntrt,a lnlwntrt painting
A painting in the style of lnlwntrt,https://i.pinimg.com/originals/fd/47/4e/fd474ef68046c1360b12f5545d5ba333.jpg,A painting in the style of lnlwntrt,A painting in the style of lnlwntrt,a lnlwntrt painting
A painting in the style of lnlwntrt,https://kunstraum-muenster.de/wp-content/uploads/2018/09/Loewentraut-studio-54.jpg,A painting in the style of lnlwntrt,A painting in the style of lnlwntrt,a lnlwntrt painting
A painting in the style of lnlwntrt,https://www.zimmermann-heitmann.de/sites/default/files/img/leon_loewentraut_different_minds_ii.jpg,A painting in the style of lnlwntrt,A painting in the style of lnlwntrt,a lnlwntrt painting
A painting in the style of lnlwntrt,https://grusskarten.unicef.de/media/ba/09/14/1626098912/Leon-Loewntraut-04.jpg,A painting in the style of lnlwntrt,A painting in the style of lnlwntrt,a lnlwntrt painting
A painting in the style of lnlwntrt,https://i.pinimg.com/originals/fd/47/4e/fd474ef68046c1360b12f5545d5ba333.jpg,A painting in the style of lnlwntrt,A painting in the style of lnlwntrt,a lnlwntrt painting
A painting in the style of lnlwntrt,https://kunstraum-muenster.de/wp-content/uploads/2018/09/Loewentraut-studio-54.jpg,A painting in the style of lnlwntrt,A painting in the style of lnlwntrt,a lnlwntrt painting
A painting in the style of lnlwntrt,https://www.zimmermann-heitmann.de/sites/default/files/img/leon_loewentraut_different_minds_ii.jpg,A painting in the style of lnlwntrt,A painting in the style of lnlwntrt,a lnlwntrt painting
A painting in the style of lnlwntrt,https://grusskarten.unicef.de/media/ba/09/14/1626098912/Leon-Loewntraut-04.jpg,A painting in the style of lnlwntrt,A painting in the style of lnlwntrt,a lnlwntrt painting
A painting in the style of lnlwntrt,https://i.pinimg.com/originals/fd/47/4e/fd474ef68046c1360b12f5545d5ba333.jpg,A painting in the style of lnlwntrt,A painting in the style of lnlwntrt,a lnlwntrt painting
A painting in the style of lnlwntrt,https://kunstraum-muenster.de/wp-content/uploads/2018/09/Loewentraut-studio-54.jpg,A painting in the style of lnlwntrt,A painting in the style of lnlwntrt,a lnlwntrt painting
A painting in the style of lnlwntrt,https://www.zimmermann-heitmann.de/sites/default/files/img/leon_loewentraut_different_minds_ii.jpg,A painting in the style of lnlwntrt,A painting in the style of lnlwntrt,a lnlwntrt painting
A painting in the style of lnlwntrt,https://grusskarten.unicef.de/media/ba/09/14/1626098912/Leon-Loewntraut-04.jpg,A painting in the style of lnlwntrt,A painting in the style of lnlwntrt,a lnlwntrt painting
A painting in the style of lnlwntrt,https://i.pinimg.com/originals/fd/47/4e/fd474ef68046c1360b12f5545d5ba333.jpg,A painting in the style of lnlwntrt,A painting in the style of lnlwntrt,a lnlwntrt painting
A painting in the style of lnlwntrt,https://kunstraum-muenster.de/wp-content/uploads/2018/09/Loewentraut-studio-54.jpg,A painting in the style of lnlwntrt,A painting in the style of lnlwntrt,a lnlwntrt painting
A painting in the style of lnlwntrt,https://www.zimmermann-heitmann.de/sites/default/files/img/leon_loewentraut_different_minds_ii.jpg,A painting in the style of lnlwntrt,A painting in the style of lnlwntrt,a lnlwntrt painting
A painting in the style of lnlwntrt,https://grusskarten.unicef.de/media/ba/09/14/1626098912/Leon-Loewntraut-04.jpg,A painting in the style of lnlwntrt,A painting in the style of lnlwntrt,a lnlwntrt painting
A painting in the style of lnlwntrt,https://i.pinimg.com/originals/fd/47/4e/fd474ef68046c1360b12f5545d5ba333.jpg,A painting in the style of lnlwntrt,A painting in the style of lnlwntrt,a lnlwntrt painting
A painting in the style of lnlwntrt,https://kunstraum-muenster.de/wp-content/uploads/2018/09/Loewentraut-studio-54.jpg,A painting in the style of lnlwntrt,A painting in the style of lnlwntrt,a lnlwntrt painting
A painting in the style of lnlwntrt,https://www.zimmermann-heitmann.de/sites/default/files/img/leon_loewentraut_different_minds_ii.jpg,A painting in the style of lnlwntrt,A painting in the style of lnlwntrt,a lnlwntrt painting
A painting in the style of lnlwntrt,https://grusskarten.unicef.de/media/ba/09/14/1626098912/Leon-Loewntraut-04.jpg,A painting in the style of lnlwntrt,A painting in the style of lnlwntrt,a lnlwntrt painting
A painting in the style of lnlwntrt,https://i.pinimg.com/originals/fd/47/4e/fd474ef68046c1360b12f5545d5ba333.jpg,A painting in the style of lnlwntrt,A painting in the style of lnlwntrt,a lnlwntrt painting
A painting in the style of lnlwntrt,https://kunstraum-muenster.de/wp-content/uploads/2018/09/Loewentraut-studio-54.jpg,A painting in the style of lnlwntrt,A painting in the style of lnlwntrt,a lnlwntrt painting
A painting in the style of lnlwntrt,https://www.zimmermann-heitmann.de/sites/default/files/img/leon_loewentraut_different_minds_ii.jpg,A painting in the style of lnlwntrt,A painting in the style of lnlwntrt,a lnlwntrt painting
A painting in the style of lnlwntrt,https://grusskarten.unicef.de/media/ba/09/14/1626098912/Leon-Loewntraut-04.jpg,A painting in the style of lnlwntrt,A painting in the style of lnlwntrt,a lnlwntrt painting
A painting in the style of lnlwntrt,https://i.pinimg.com/originals/fd/47/4e/fd474ef68046c1360b12f5545d5ba333.jpg,A painting in the style of lnlwntrt,A painting in the style of lnlwntrt,a lnlwntrt painting
A painting in the style of lnlwntrt,https://kunstraum-muenster.de/wp-content/uploads/2018/09/Loewentraut-studio-54.jpg,A painting in the style of lnlwntrt,A painting in the style of lnlwntrt,a lnlwntrt painting
A painting in the style of lnlwntrt,https://www.zimmermann-heitmann.de/sites/default/files/img/leon_loewentraut_different_minds_ii.jpg,A painting in the style of lnlwntrt,A painting in the style of lnlwntrt,a lnlwntrt painting
A painting in the style of lnlwntrt,https://grusskarten.unicef.de/media/ba/09/14/1626098912/Leon-Loewntraut-04.jpg,A painting in the style of lnlwntrt,A painting in the style of lnlwntrt,a lnlwntrt painting
A painting in the style of lnlwntrt,https://i.pinimg.com/originals/fd/47/4e/fd474ef68046c1360b12f5545d5ba333.jpg,A painting in the style of lnlwntrt,A painting in the style of lnlwntrt,a lnlwntrt painting
A painting in the style of lnlwntrt,https://kunstraum-muenster.de/wp-content/uploads/2018/09/Loewentraut-studio-54.jpg,A painting in the style of lnlwntrt,A painting in the style of lnlwntrt,a lnlwntrt painting
A painting in the style of lnlwntrt,https://www.zimmermann-heitmann.de/sites/default/files/img/leon_loewentraut_different_minds_ii.jpg,A painting in the style of lnlwntrt,A painting in the style of lnlwntrt,a lnlwntrt painting
A painting in the style of lnlwntrt,https://grusskarten.unicef.de/media/ba/09/14/1626098912/Leon-Loewntraut-04.jpg,A painting in the style of lnlwntrt,A painting in the style of lnlwntrt,a lnlwntrt painting
A painting in the style of lnlwntrt,https://i.pinimg.com/originals/fd/47/4e/fd474ef68046c1360b12f5545d5ba333.jpg,A painting in the style of lnlwntrt,A painting in the style of lnlwntrt,a lnlwntrt painting
A painting in the style of lnlwntrt,https://kunstraum-muenster.de/wp-content/uploads/2018/09/Loewentraut-studio-54.jpg,A painting in the style of lnlwntrt,A painting in the style of lnlwntrt,a lnlwntrt painting
A painting in the style of lnlwntrt,https://www.zimmermann-heitmann.de/sites/default/files/img/leon_loewentraut_different_minds_ii.jpg,A painting in the style of lnlwntrt,A painting in the style of lnlwntrt,a lnlwntrt painting
A painting in the style of lnlwntrt,https://grusskarten.unicef.de/media/ba/09/14/1626098912/Leon-Loewntraut-04.jpg,A painting in the style of lnlwntrt,A painting in the style of lnlwntrt,a lnlwntrt painting
A painting in the style of lnlwntrt,https://i.pinimg.com/originals/fd/47/4e/fd474ef68046c1360b12f5545d5ba333.jpg,A painting in the style of lnlwntrt,A painting in the style of lnlwntrt,a lnlwntrt painting
A painting in the style of lnlwntrt,https://kunstraum-muenster.de/wp-content/uploads/2018/09/Loewentraut-studio-54.jpg,A painting in the style of lnlwntrt,A painting in the style of lnlwntrt,a lnlwntrt painting
A painting in the style of lnlwntrt,https://www.zimmermann-heitmann.de/sites/default/files/img/leon_loewentraut_different_minds_ii.jpg,A painting in the style of lnlwntrt,A painting in the style of lnlwntrt,a lnlwntrt painting
A painting in the style of lnlwntrt,https://grusskarten.unicef.de/media/ba/09/14/1626098912/Leon-Loewntraut-04.jpg,A painting in the style of lnlwntrt,A painting in the style of lnlwntrt,a lnlwntrt painting
A painting in the style of lnlwntrt,https://i.pinimg.com/originals/fd/47/4e/fd474ef68046c1360b12f5545d5ba333.jpg,A painting in the style of lnlwntrt,A painting in the style of lnlwntrt,a lnlwntrt painting
A painting in the style of lnlwntrt,https://kunstraum-muenster.de/wp-content/uploads/2018/09/Loewentraut-studio-54.jpg,A painting in the style of lnlwntrt,A painting in the style of lnlwntrt,a lnlwntrt painting
A painting in the style of lnlwntrt,https://www.zimmermann-heitmann.de/sites/default/files/img/leon_loewentraut_different_minds_ii.jpg,A painting in the style of lnlwntrt,A painting in the style of lnlwntrt,a lnlwntrt painting
A painting in the style of lnlwntrt,https://grusskarten.unicef.de/media/ba/09/14/1626098912/Leon-Loewntraut-04.jpg,A painting in the style of lnlwntrt,A painting in the style of lnlwntrt,a lnlwntrt painting
A painting in the style of lnlwntrt,https://i.pinimg.com/originals/fd/47/4e/fd474ef68046c1360b12f5545d5ba333.jpg,A painting in the style of lnlwntrt,A painting in the style of lnlwntrt,a lnlwntrt painting
A painting in the style of lnlwntrt,https://kunstraum-muenster.de/wp-content/uploads/2018/09/Loewentraut-studio-54.jpg,A painting in the style of lnlwntrt,A painting in the style of lnlwntrt,a lnlwntrt painting
A painting in the style of lnlwntrt,https://www.zimmermann-heitmann.de/sites/default/files/img/leon_loewentraut_different_minds_ii.jpg,A painting in the style of lnlwntrt,A painting in the style of lnlwntrt,a lnlwntrt painting
A painting in the style of lnlwntrt,https://grusskarten.unicef.de/media/ba/09/14/1626098912/Leon-Loewntraut-04.jpg,A painting in the style of lnlwntrt,A painting in the style of lnlwntrt,a lnlwntrt painting
A painting in the style of lnlwntrt,https://i.pinimg.com/originals/fd/47/4e/fd474ef68046c1360b12f5545d5ba333.jpg,A painting in the style of lnlwntrt,A painting in the style of lnlwntrt,a lnlwntrt painting
A painting in the style of lnlwntrt,https://kunstraum-muenster.de/wp-content/uploads/2018/09/Loewentraut-studio-54.jpg,A painting in the style of lnlwntrt,A painting in the style of lnlwntrt,a lnlwntrt painting
A painting in the style of lnlwntrt,https://www.zimmermann-heitmann.de/sites/default/files/img/leon_loewentraut_different_minds_ii.jpg,A painting in the style of lnlwntrt,A painting in the style of lnlwntrt,a lnlwntrt painting
A painting in the style of lnlwntrt,https://grusskarten.unicef.de/media/ba/09/14/1626098912/Leon-Loewntraut-04.jpg,A painting in the style of lnlwntrt,A painting in the style of lnlwntrt,a lnlwntrt painting
A painting in the style of lnlwntrt,https://i.pinimg.com/originals/fd/47/4e/fd474ef68046c1360b12f5545d5ba333.jpg,A painting in the style of lnlwntrt,A painting in the style of lnlwntrt,a lnlwntrt painting
A painting in the style of lnlwntrt,https://kunstraum-muenster.de/wp-content/uploads/2018/09/Loewentraut-studio-54.jpg,A painting in the style of lnlwntrt,A painting in the style of lnlwntrt,a lnlwntrt painting
A painting in the style of lnlwntrt,https://www.zimmermann-heitmann.de/sites/default/files/img/leon_loewentraut_different_minds_ii.jpg,A painting in the style of lnlwntrt,A painting in the style of lnlwntrt,a lnlwntrt painting
A painting in the style of lnlwntrt,https://grusskarten.unicef.de/media/ba/09/14/1626098912/Leon-Loewntraut-04.jpg,A painting in the style of lnlwntrt,A painting in the style of lnlwntrt,a lnlwntrt painting
A painting in the style of lnlwntrt,https://i.pinimg.com/originals/fd/47/4e/fd474ef68046c1360b12f5545d5ba333.jpg,A painting in the style of lnlwntrt,A painting in the style of lnlwntrt,a lnlwntrt painting
A painting in the style of lnlwntrt,https://kunstraum-muenster.de/wp-content/uploads/2018/09/Loewentraut-studio-54.jpg,A painting in the style of lnlwntrt,A painting in the style of lnlwntrt,a lnlwntrt painting
A painting in the style of lnlwntrt,https://www.zimmermann-heitmann.de/sites/default/files/img/leon_loewentraut_different_minds_ii.jpg,A painting in the style of lnlwntrt,A painting in the style of lnlwntrt,a lnlwntrt painting
A painting in the style of lnlwntrt,https://grusskarten.unicef.de/media/ba/09/14/1626098912/Leon-Loewntraut-04.jpg,A painting in the style of lnlwntrt,A painting in the style of lnlwntrt,a lnlwntrt painting
A painting in the style of lnlwntrt,https://i.pinimg.com/originals/fd/47/4e/fd474ef68046c1360b12f5545d5ba333.jpg,A painting in the style of lnlwntrt,A painting in the style of lnlwntrt,a lnlwntrt painting
A painting in the style of lnlwntrt,https://kunstraum-muenster.de/wp-content/uploads/2018/09/Loewentraut-studio-54.jpg,A painting in the style of lnlwntrt,A painting in the style of lnlwntrt,a lnlwntrt painting
A painting in the style of lnlwntrt,https://www.zimmermann-heitmann.de/sites/default/files/img/leon_loewentraut_different_minds_ii.jpg,A painting in the style of lnlwntrt,A painting in the style of lnlwntrt,a lnlwntrt painting
A painting in the style of lnlwntrt,https://grusskarten.unicef.de/media/ba/09/14/1626098912/Leon-Loewntraut-04.jpg,A painting in the style of lnlwntrt,A painting in the style of lnlwntrt,a lnlwntrt painting
A painting in the style of lnlwntrt,https://i.pinimg.com/originals/fd/47/4e/fd474ef68046c1360b12f5545d5ba333.jpg,A painting in the style of lnlwntrt,A painting in the style of lnlwntrt,a lnlwntrt painting
A painting in the style of lnlwntrt,https://kunstraum-muenster.de/wp-content/uploads/2018/09/Loewentraut-studio-54.jpg,A painting in the style of lnlwntrt,A painting in the style of lnlwntrt,a lnlwntrt painting
A painting in the style of lnlwntrt,https://www.zimmermann-heitmann.de/sites/default/files/img/leon_loewentraut_different_minds_ii.jpg,A painting in the style of lnlwntrt,A painting in the style of lnlwntrt,a lnlwntrt painting
A painting in the style of lnlwntrt,https://grusskarten.unicef.de/media/ba/09/14/1626098912/Leon-Loewntraut-04.jpg,A painting in the style of lnlwntrt,A painting in the style of lnlwntrt,a lnlwntrt painting
A painting in the style of lnlwntrt,https://i.pinimg.com/originals/fd/47/4e/fd474ef68046c1360b12f5545d5ba333.jpg,A painting in the style of lnlwntrt,A painting in the style of lnlwntrt,a lnlwntrt painting
A painting in the style of lnlwntrt,https://kunstraum-muenster.de/wp-content/uploads/2018/09/Loewentraut-studio-54.jpg,A painting in the style of lnlwntrt,A painting in the style of lnlwntrt,a lnlwntrt painting
A painting in the style of lnlwntrt,https://www.zimmermann-heitmann.de/sites/default/files/img/leon_loewentraut_different_minds_ii.jpg,A painting in the style of lnlwntrt,A painting in the style of lnlwntrt,a lnlwntrt painting
A painting in the style of lnlwntrt,https://grusskarten.unicef.de/media/ba/09/14/1626098912/Leon-Loewntraut-04.jpg,A painting in the style of lnlwntrt,A painting in the style of lnlwntrt,a lnlwntrt painting
A painting in the style of lnlwntrt,https://i.pinimg.com/originals/fd/47/4e/fd474ef68046c1360b12f5545d5ba333.jpg,A painting in the style of lnlwntrt,A painting in the style of lnlwntrt,a lnlwntrt painting
A painting in the style of lnlwntrt,https://kunstraum-muenster.de/wp-content/uploads/2018/09/Loewentraut-studio-54.jpg,A painting in the style of lnlwntrt,A painting in the style of lnlwntrt,a lnlwntrt painting
A painting in the style of lnlwntrt,https://www.zimmermann-heitmann.de/sites/default/files/img/leon_loewentraut_different_minds_ii.jpg,A painting in the style of lnlwntrt,A painting in the style of lnlwntrt,a lnlwntrt painting
A painting in the style of lnlwntrt,https://grusskarten.unicef.de/media/ba/09/14/1626098912/Leon-Loewntraut-04.jpg,A painting in the style of lnlwntrt,A painting in the style of lnlwntrt,a lnlwntrt painting
A painting in the style of lnlwntrt,https://i.pinimg.com/originals/fd/47/4e/fd474ef68046c1360b12f5545d5ba333.jpg,A painting in the style of lnlwntrt,A painting in the style of lnlwntrt,a lnlwntrt painting
A painting in the style of lnlwntrt,https://kunstraum-muenster.de/wp-content/uploads/2018/09/Loewentraut-studio-54.jpg,A painting in the style of lnlwntrt,A painting in the style of lnlwntrt,a lnlwntrt painting
A painting in the style of lnlwntrt,https://www.zimmermann-heitmann.de/sites/default/files/img/leon_loewentraut_different_minds_ii.jpg,A painting in the style of lnlwntrt,A painting in the style of lnlwntrt,a lnlwntrt painting
A painting in the style of lnlwntrt,https://grusskarten.unicef.de/media/ba/09/14/1626098912/Leon-Loewntraut-04.jpg,A painting in the style of lnlwntrt,A painting in the style of lnlwntrt,a lnlwntrt painting
A painting in the style of lnlwntrt,https://i.pinimg.com/originals/fd/47/4e/fd474ef68046c1360b12f5545d5ba333.jpg,A painting in the style of lnlwntrt,A painting in the style of lnlwntrt,a lnlwntrt painting
A painting in the style of lnlwntrt,https://kunstraum-muenster.de/wp-content/uploads/2018/09/Loewentraut-studio-54.jpg,A painting in the style of lnlwntrt,A painting in the style of lnlwntrt,a lnlwntrt painting
A painting in the style of lnlwntrt,https://www.zimmermann-heitmann.de/sites/default/files/img/leon_loewentraut_different_minds_ii.jpg,A painting in the style of lnlwntrt,A painting in the style of lnlwntrt,a lnlwntrt painting
A painting in the style of lnlwntrt,https://grusskarten.unicef.de/media/ba/09/14/1626098912/Leon-Loewntraut-04.jpg,A painting in the style of lnlwntrt,A painting in the style of lnlwntrt,a lnlwntrt painting
A painting in the style of lnlwntrt,https://i.pinimg.com/originals/fd/47/4e/fd474ef68046c1360b12f5545d5ba333.jpg,A painting in the style of lnlwntrt,A painting in the style of lnlwntrt,a lnlwntrt painting
A painting in the style of lnlwntrt,https://kunstraum-muenster.de/wp-content/uploads/2018/09/Loewentraut-studio-54.jpg,A painting in the style of lnlwntrt,A painting in the style of lnlwntrt,a lnlwntrt painting
A painting in the style of lnlwntrt,https://www.zimmermann-heitmann.de/sites/default/files/img/leon_loewentraut_different_minds_ii.jpg,A painting in the style of lnlwntrt,A painting in the style of lnlwntrt,a lnlwntrt painting
A painting in the style of lnlwntrt,https://grusskarten.unicef.de/media/ba/09/14/1626098912/Leon-Loewntraut-04.jpg,A painting in the style of lnlwntrt,A painting in the style of lnlwntrt,a lnlwntrt painting
A painting in the style of lnlwntrt,https://i.pinimg.com/originals/fd/47/4e/fd474ef68046c1360b12f5545d5ba333.jpg,A painting in the style of lnlwntrt,A painting in the style of lnlwntrt,a lnlwntrt painting
A painting in the style of lnlwntrt,https://kunstraum-muenster.de/wp-content/uploads/2018/09/Loewentraut-studio-54.jpg,A painting in the style of lnlwntrt,A painting in the style of lnlwntrt,a lnlwntrt painting
A painting in the style of lnlwntrt,https://www.zimmermann-heitmann.de/sites/default/files/img/leon_loewentraut_different_minds_ii.jpg,A painting in the style of lnlwntrt,A painting in the style of lnlwntrt,a lnlwntrt painting
A painting in the style of lnlwntrt,https://grusskarten.unicef.de/media/ba/09/14/1626098912/Leon-Loewntraut-04.jpg,A painting in the style of lnlwntrt,A painting in the style of lnlwntrt,a lnlwntrt painting
A painting in the style of lnlwntrt,https://i.pinimg.com/originals/fd/47/4e/fd474ef68046c1360b12f5545d5ba333.jpg,A painting in the style of lnlwntrt,A painting in the style of lnlwntrt,a lnlwntrt painting
A painting in the style of lnlwntrt,https://kunstraum-muenster.de/wp-content/uploads/2018/09/Loewentraut-studio-54.jpg,A painting in the style of lnlwntrt,A painting in the style of lnlwntrt,a lnlwntrt painting
A painting in the style of lnlwntrt,https://www.zimmermann-heitmann.de/sites/default/files/img/leon_loewentraut_different_minds_ii.jpg,A painting in the style of lnlwntrt,A painting in the style of lnlwntrt,a lnlwntrt painting
A painting in the style of lnlwntrt,https://grusskarten.unicef.de/media/ba/09/14/1626098912/Leon-Loewntraut-04.jpg,A painting in the style of lnlwntrt,A painting in the style of lnlwntrt,a lnlwntrt painting
A painting in the style of lnlwntrt,https://i.pinimg.com/originals/fd/47/4e/fd474ef68046c1360b12f5545d5ba333.jpg,A painting in the style of lnlwntrt,A painting in the style of lnlwntrt,a lnlwntrt painting
A painting in the style of lnlwntrt,https://kunstraum-muenster.de/wp-content/uploads/2018/09/Loewentraut-studio-54.jpg,A painting in the style of lnlwntrt,A painting in the style of lnlwntrt,a lnlwntrt painting
A painting in the style of lnlwntrt,https://www.zimmermann-heitmann.de/sites/default/files/img/leon_loewentraut_different_minds_ii.jpg,A painting in the style of lnlwntrt,A painting in the style of lnlwntrt,a lnlwntrt painting
A painting in the style of lnlwntrt,https://grusskarten.unicef.de/media/ba/09/14/1626098912/Leon-Loewntraut-04.jpg,A painting in the style of lnlwntrt,A painting in the style of lnlwntrt,a lnlwntrt painting
A painting in the style of lnlwntrt,https://i.pinimg.com/originals/fd/47/4e/fd474ef68046c1360b12f5545d5ba333.jpg,A painting in the style of lnlwntrt,A painting in the style of lnlwntrt,a lnlwntrt painting
A painting in the style of lnlwntrt,https://kunstraum-muenster.de/wp-content/uploads/2018/09/Loewentraut-studio-54.jpg,A painting in the style of lnlwntrt,A painting in the style of lnlwntrt,a lnlwntrt painting
A painting in the style of lnlwntrt,https://www.zimmermann-heitmann.de/sites/default/files/img/leon_loewentraut_different_minds_ii.jpg,A painting in the style of lnlwntrt,A painting in the style of lnlwntrt,a lnlwntrt painting
A painting in the style of lnlwntrt,https://grusskarten.unicef.de/media/ba/09/14/1626098912/Leon-Loewntraut-04.jpg,A painting in the style of lnlwntrt,A painting in the style of lnlwntrt,a lnlwntrt painting
A painting in the style of lnlwntrt,https://i.pinimg.com/originals/fd/47/4e/fd474ef68046c1360b12f5545d5ba333.jpg,A painting in the style of lnlwntrt,A painting in the style of lnlwntrt,a lnlwntrt painting
A painting in the style of lnlwntrt,https://kunstraum-muenster.de/wp-content/uploads/2018/09/Loewentraut-studio-54.jpg,A painting in the style of lnlwntrt,A painting in the style of lnlwntrt,a lnlwntrt painting
A painting in the style of lnlwntrt,https://www.zimmermann-heitmann.de/sites/default/files/img/leon_loewentraut_different_minds_ii.jpg,A painting in the style of lnlwntrt,A painting in the style of lnlwntrt,a lnlwntrt painting
A painting in the style of lnlwntrt,https://grusskarten.unicef.de/media/ba/09/14/1626098912/Leon-Loewntraut-04.jpg,A painting in the style of lnlwntrt,A painting in the style of lnlwntrt,a lnlwntrt painting
A painting in the style of lnlwntrt,https://i.pinimg.com/originals/fd/47/4e/fd474ef68046c1360b12f5545d5ba333.jpg,A painting in the style of lnlwntrt,A painting in the style of lnlwntrt,a lnlwntrt painting
A painting in the style of lnlwntrt,https://kunstraum-muenster.de/wp-content/uploads/2018/09/Loewentraut-studio-54.jpg,A painting in the style of lnlwntrt,A painting in the style of lnlwntrt,a lnlwntrt painting
A painting in the style of lnlwntrt,https://www.zimmermann-heitmann.de/sites/default/files/img/leon_loewentraut_different_minds_ii.jpg,A painting in the style of lnlwntrt,A painting in the style of lnlwntrt,a lnlwntrt painting
